               epoch,      train/box_loss,      train/obj_loss,      train/cls_loss,   metrics/precision,      metrics/recall,     metrics/mAP_0.5,metrics/mAP_0.5:0.95,        val/box_loss,        val/obj_loss,        val/cls_loss,               x/lr0,               x/lr1,               x/lr2
                   0,            0.026278,              0.0381,           0.0060835,             0.97784,             0.97934,             0.98424,             0.74287,            0.023685,            0.032902,            0.003542,              0.0856,              0.0016,              0.0016
                   1,            0.028719,            0.039089,           0.0062032,             0.97864,             0.97724,             0.98296,             0.70542,            0.027862,             0.03455,           0.0036566,            0.070287,           0.0032869,           0.0032869
                   2,            0.030172,            0.039216,           0.0062905,             0.97063,              0.9755,             0.98152,             0.71768,            0.026835,            0.033583,           0.0037411,             0.05496,           0.0049604,           0.0049604
                   3,            0.032577,            0.040184,           0.0064947,             0.97464,             0.98131,             0.98338,             0.67698,            0.028921,            0.034073,           0.0039607,             0.03962,           0.0066204,           0.0066204
                   4,            0.034226,            0.041693,           0.0069669,             0.97277,             0.97461,             0.98017,             0.70451,            0.026811,            0.034245,           0.0041573,            0.024267,           0.0082669,           0.0082669
                   5,            0.035273,            0.041559,           0.0067619,             0.96721,             0.98238,             0.98331,             0.72682,            0.026615,            0.034029,           0.0043149,            0.009802,            0.009802,            0.009802
                   6,            0.034401,            0.043326,           0.0072516,             0.96735,             0.98331,             0.98237,             0.70894,            0.026824,            0.034512,           0.0044881,            0.009802,            0.009802,            0.009802
                   7,             0.03479,            0.042444,           0.0072344,             0.97317,             0.97711,             0.98194,             0.71205,            0.026614,             0.03426,           0.0045151,           0.0097624,           0.0097624,           0.0097624
                   8,            0.033198,            0.042304,           0.0072291,             0.97734,             0.97792,             0.98053,             0.70492,            0.026055,            0.034157,           0.0045415,           0.0097228,           0.0097228,           0.0097228
                   9,            0.031755,            0.040754,           0.0068564,             0.97167,             0.97831,             0.98047,             0.70601,            0.025993,            0.034046,           0.0043542,           0.0096832,           0.0096832,           0.0096832
                  10,            0.033504,            0.042082,           0.0070987,             0.97787,             0.97736,             0.97932,             0.69753,            0.026636,            0.034605,           0.0043596,           0.0096436,           0.0096436,           0.0096436
                  11,            0.032192,            0.040607,            0.007083,             0.97723,             0.98128,             0.98557,             0.72359,            0.025013,            0.034012,           0.0043963,            0.009604,            0.009604,            0.009604
                  12,            0.030993,            0.041672,           0.0066503,             0.96981,             0.97978,             0.98045,             0.70813,            0.025902,            0.034376,           0.0042504,           0.0095644,           0.0095644,           0.0095644
                  13,            0.030716,            0.041178,           0.0070727,             0.97954,             0.98404,             0.98245,             0.72079,            0.025437,            0.033695,           0.0042177,           0.0095248,           0.0095248,           0.0095248
                  14,            0.030556,            0.041134,           0.0066848,             0.97341,             0.97443,             0.98424,             0.72461,            0.025282,            0.033653,           0.0041687,           0.0094852,           0.0094852,           0.0094852
                  15,             0.03054,            0.041088,           0.0066167,             0.97643,             0.97961,             0.98154,             0.73076,            0.025023,            0.033478,           0.0041668,           0.0094456,           0.0094456,           0.0094456
                  16,            0.030747,             0.04053,           0.0065108,             0.97313,             0.97901,             0.98182,             0.71798,            0.025965,            0.034489,           0.0041466,            0.009406,            0.009406,            0.009406
                  17,             0.03156,            0.041033,            0.006754,             0.97881,             0.97626,             0.98405,             0.72371,            0.025115,            0.033173,           0.0041608,           0.0093664,           0.0093664,           0.0093664
                  18,            0.029928,             0.04116,            0.006614,             0.98145,             0.98098,             0.98445,             0.73064,            0.024959,            0.033688,           0.0042164,           0.0093268,           0.0093268,           0.0093268
                  19,            0.030664,            0.040473,           0.0066541,             0.97519,             0.97677,             0.98028,             0.72941,            0.024391,            0.033228,           0.0040101,           0.0092872,           0.0092872,           0.0092872
                  20,            0.029035,             0.04027,           0.0066418,             0.98035,             0.97515,             0.98344,             0.72925,            0.024919,            0.033472,            0.004155,           0.0092476,           0.0092476,           0.0092476
                  21,            0.029641,             0.04011,           0.0065602,             0.97383,             0.97615,             0.98303,              0.7222,            0.025207,            0.034204,           0.0039308,            0.009208,            0.009208,            0.009208
                  22,            0.028838,            0.039721,           0.0065182,             0.97429,             0.97903,             0.98163,             0.72809,            0.024614,            0.033062,           0.0040822,           0.0091684,           0.0091684,           0.0091684
                  23,            0.029863,            0.040774,           0.0069184,             0.97133,             0.98139,             0.98158,             0.72552,            0.025075,            0.033146,           0.0040109,           0.0091288,           0.0091288,           0.0091288
                  24,            0.029425,            0.040503,           0.0064377,             0.97224,             0.97631,             0.98184,             0.73246,            0.024341,            0.033075,           0.0039564,           0.0090892,           0.0090892,           0.0090892
                  25,            0.028899,            0.039236,           0.0065731,             0.97498,             0.97729,             0.98254,             0.73409,            0.024303,            0.032995,           0.0039227,           0.0090496,           0.0090496,           0.0090496
                  26,            0.029389,            0.040249,           0.0066202,             0.97779,               0.973,             0.98175,             0.72531,            0.024501,            0.032719,           0.0039607,             0.00901,             0.00901,             0.00901
                  27,            0.028644,             0.04009,           0.0064225,             0.97472,             0.98207,             0.98072,             0.73536,            0.024082,            0.033092,           0.0039103,           0.0089704,           0.0089704,           0.0089704
                  28,            0.028517,            0.038865,           0.0061192,             0.97677,             0.97378,             0.98193,             0.73202,            0.024105,            0.033148,           0.0039073,           0.0089308,           0.0089308,           0.0089308
                  29,            0.029287,            0.039023,           0.0062609,             0.97464,             0.98149,             0.98362,             0.73288,            0.024678,            0.032885,           0.0038425,           0.0088912,           0.0088912,           0.0088912
                  30,            0.028818,            0.038963,           0.0063855,             0.97291,             0.97748,             0.98229,             0.72842,            0.024364,            0.033024,           0.0039799,           0.0088516,           0.0088516,           0.0088516
                  31,            0.028161,            0.038812,           0.0064051,             0.97636,             0.98191,             0.98131,             0.74284,            0.024074,            0.032742,           0.0037239,            0.008812,            0.008812,            0.008812
                  32,            0.028141,            0.038327,           0.0062595,             0.97716,             0.97824,             0.98228,             0.72563,            0.024124,            0.033409,           0.0038107,           0.0087724,           0.0087724,           0.0087724
                  33,            0.027897,            0.037753,           0.0063643,             0.97671,             0.98033,             0.98315,              0.7406,             0.02366,            0.032898,           0.0038295,           0.0087328,           0.0087328,           0.0087328
                  34,            0.027624,             0.03868,           0.0063032,              0.9709,             0.97781,             0.98029,             0.73304,            0.024101,            0.033644,           0.0037634,           0.0086932,           0.0086932,           0.0086932
                  35,            0.028211,            0.039935,           0.0063028,             0.97405,             0.97678,              0.9825,             0.73589,            0.023769,            0.032995,            0.003935,           0.0086536,           0.0086536,           0.0086536
                  36,             0.02729,            0.038946,           0.0061699,             0.97688,               0.977,             0.98128,             0.73778,            0.023609,            0.033607,           0.0039499,            0.008614,            0.008614,            0.008614
                  37,            0.028303,            0.038648,           0.0061438,             0.97641,             0.97792,              0.9817,             0.73827,            0.023769,            0.033039,           0.0037973,           0.0085744,           0.0085744,           0.0085744
                  38,            0.027487,            0.038225,           0.0061695,             0.97449,             0.97591,             0.98149,             0.73412,             0.02397,            0.033613,           0.0041403,           0.0085348,           0.0085348,           0.0085348
                  39,            0.028225,            0.039142,           0.0061618,             0.98119,             0.98099,               0.981,             0.73768,            0.023454,            0.032925,           0.0038185,           0.0084952,           0.0084952,           0.0084952
                  40,            0.026827,            0.037119,           0.0060283,             0.97106,             0.97858,             0.98099,             0.73857,            0.023414,            0.032742,           0.0037945,           0.0084556,           0.0084556,           0.0084556
                  41,            0.026447,            0.037055,           0.0060538,              0.9746,             0.97688,             0.97914,             0.73616,            0.023573,            0.032961,           0.0041783,            0.008416,            0.008416,            0.008416
                  42,            0.027039,            0.037091,           0.0057379,             0.97552,             0.98052,             0.98043,             0.73276,            0.024001,            0.032978,           0.0036812,           0.0083764,           0.0083764,           0.0083764
                  43,            0.027241,            0.038224,           0.0061731,             0.97579,             0.97879,             0.98194,             0.73683,            0.023529,            0.032921,           0.0037304,           0.0083368,           0.0083368,           0.0083368
                  44,            0.026687,            0.037983,           0.0060303,             0.97227,              0.9788,             0.98114,             0.73826,            0.023331,            0.032408,           0.0038489,           0.0082972,           0.0082972,           0.0082972
                  45,            0.026798,            0.037154,           0.0060715,               0.974,             0.97452,             0.98141,              0.7416,            0.023126,            0.032677,           0.0037291,           0.0082576,           0.0082576,           0.0082576
                  46,            0.027309,             0.03754,           0.0061747,             0.97762,             0.97797,              0.9839,             0.74221,              0.0232,            0.032675,           0.0036955,            0.008218,            0.008218,            0.008218
                  47,            0.026924,            0.036913,           0.0061202,             0.97048,             0.97429,             0.98134,             0.74193,            0.023092,            0.032284,           0.0037229,           0.0081784,           0.0081784,           0.0081784
                  48,            0.027219,            0.037504,           0.0060029,             0.97131,              0.9775,             0.98241,             0.73917,            0.023419,            0.032219,           0.0036815,           0.0081388,           0.0081388,           0.0081388
                  49,            0.027014,            0.038421,           0.0059424,             0.97562,             0.98159,             0.98116,             0.74081,            0.023288,            0.032471,           0.0035456,           0.0080992,           0.0080992,           0.0080992
                  50,            0.026882,            0.037631,           0.0059321,             0.97802,             0.96561,             0.97743,                0.74,            0.023276,            0.032562,           0.0037853,           0.0080596,           0.0080596,           0.0080596
                  51,            0.025682,            0.036826,           0.0056372,              0.9751,              0.9806,             0.98158,             0.73896,            0.023286,            0.032816,           0.0035326,             0.00802,             0.00802,             0.00802
                  52,            0.026654,            0.036918,             0.00599,             0.97225,             0.97532,             0.97962,             0.74679,            0.023132,            0.032785,           0.0036316,           0.0079804,           0.0079804,           0.0079804
                  53,            0.026634,            0.036992,           0.0059389,             0.97109,             0.97656,             0.98175,             0.74148,            0.023141,            0.032309,           0.0038644,           0.0079408,           0.0079408,           0.0079408
                  54,            0.026315,            0.036733,           0.0056399,             0.97623,             0.97985,             0.98123,             0.74114,            0.023026,             0.03278,           0.0035176,           0.0079012,           0.0079012,           0.0079012
                  55,             0.02624,            0.036432,           0.0059032,             0.98016,             0.97921,             0.98307,             0.74906,            0.023069,            0.032238,           0.0035687,           0.0078616,           0.0078616,           0.0078616
                  56,            0.025888,            0.036723,           0.0057557,             0.97154,             0.97895,             0.98015,              0.7477,            0.023485,            0.033482,           0.0036044,            0.007822,            0.007822,            0.007822
                  57,            0.025758,            0.037059,           0.0057211,              0.9745,             0.97485,             0.98163,             0.75095,            0.023362,            0.033142,           0.0035802,           0.0077824,           0.0077824,           0.0077824
                  58,            0.026279,            0.037042,           0.0059024,             0.97527,             0.97434,             0.98169,             0.74055,            0.023487,            0.032833,           0.0037936,           0.0077428,           0.0077428,           0.0077428
                  59,            0.026195,            0.036145,           0.0056184,             0.97215,             0.97635,             0.97979,             0.73475,            0.023323,            0.033417,           0.0036177,           0.0077032,           0.0077032,           0.0077032
                  60,            0.025956,            0.036107,           0.0059142,             0.97477,             0.97974,             0.98148,             0.74237,            0.023546,            0.033476,           0.0034362,           0.0076636,           0.0076636,           0.0076636
                  61,            0.026307,            0.037033,            0.005775,              0.9772,             0.97639,             0.98182,             0.74216,             0.02358,             0.03348,           0.0039492,            0.007624,            0.007624,            0.007624
                  62,            0.025897,            0.037373,           0.0057613,             0.97801,             0.97644,             0.98145,             0.74833,            0.023655,            0.033781,           0.0038759,           0.0075844,           0.0075844,           0.0075844
                  63,            0.026044,            0.035724,           0.0057218,              0.9778,             0.97453,             0.98091,             0.73608,            0.023878,            0.033539,           0.0036027,           0.0075448,           0.0075448,           0.0075448
                  64,            0.025553,            0.036629,           0.0057129,             0.97455,             0.97773,             0.98033,             0.74659,            0.023295,            0.032661,           0.0034175,           0.0075052,           0.0075052,           0.0075052
                  65,            0.026216,            0.036821,           0.0056818,             0.97521,             0.97216,              0.9818,             0.74472,              0.0232,            0.032576,           0.0035672,           0.0074656,           0.0074656,           0.0074656
                  66,            0.025642,            0.037044,           0.0055802,             0.97511,             0.97407,             0.98003,             0.74511,            0.023538,            0.033386,           0.0035264,            0.007426,            0.007426,            0.007426
                  67,            0.025865,            0.036215,           0.0059113,             0.97338,             0.97442,             0.97815,             0.74199,            0.023497,            0.033005,           0.0035156,           0.0073864,           0.0073864,           0.0073864
                  68,            0.025778,            0.036872,            0.005766,             0.97977,             0.97604,             0.98064,             0.73776,            0.023424,            0.033072,           0.0034485,           0.0073468,           0.0073468,           0.0073468
                  69,            0.025775,            0.036782,           0.0058357,              0.9734,             0.98005,             0.98365,             0.74306,            0.023345,            0.033424,           0.0036212,           0.0073072,           0.0073072,           0.0073072
                  70,            0.025566,            0.035995,           0.0057481,             0.97375,             0.98045,             0.98335,             0.74369,            0.023234,             0.03293,           0.0034021,           0.0072676,           0.0072676,           0.0072676
                  71,            0.025072,            0.035613,           0.0057476,             0.96901,             0.97217,             0.98041,             0.74676,            0.023073,            0.032688,           0.0034438,            0.007228,            0.007228,            0.007228
                  72,            0.025708,            0.035834,           0.0058137,             0.96982,             0.97702,             0.98155,              0.7501,            0.023233,            0.033367,           0.0033964,           0.0071884,           0.0071884,           0.0071884
                  73,            0.025928,            0.036831,           0.0055865,             0.97221,             0.97732,             0.98108,              0.7364,            0.023478,            0.032764,           0.0034085,           0.0071488,           0.0071488,           0.0071488
                  74,            0.025816,            0.036965,           0.0057395,             0.97881,             0.97817,             0.98163,             0.74569,            0.023201,            0.032961,           0.0035321,           0.0071092,           0.0071092,           0.0071092
                  75,            0.025389,            0.035698,           0.0057021,             0.97386,             0.97964,             0.98102,             0.74408,            0.023256,            0.032701,           0.0034046,           0.0070696,           0.0070696,           0.0070696
                  76,            0.024745,            0.036137,           0.0054558,             0.96826,             0.98078,             0.98036,             0.74448,            0.022864,             0.03273,           0.0034367,             0.00703,             0.00703,             0.00703
                  77,             0.02513,              0.0364,           0.0057288,             0.97463,             0.97901,             0.98306,             0.75037,            0.023125,            0.033222,           0.0034657,           0.0069904,           0.0069904,           0.0069904
                  78,             0.02522,            0.036507,           0.0056601,             0.97152,             0.97766,             0.98135,             0.74451,            0.023117,            0.032907,           0.0037279,           0.0069508,           0.0069508,           0.0069508
                  79,            0.025219,            0.035218,            0.005736,             0.97309,             0.97624,             0.98075,             0.74364,            0.022813,            0.032763,           0.0036875,           0.0069112,           0.0069112,           0.0069112
                  80,            0.025229,            0.036693,           0.0057078,             0.97007,             0.97619,             0.98215,             0.74368,            0.023142,            0.033176,           0.0036202,           0.0068716,           0.0068716,           0.0068716
                  81,            0.024885,            0.035541,           0.0056082,             0.97713,             0.97874,             0.98183,             0.74998,            0.022977,            0.032675,           0.0034518,            0.006832,            0.006832,            0.006832
                  82,            0.025282,            0.036534,           0.0055173,             0.97476,             0.97947,              0.9827,              0.7474,            0.023243,            0.033205,           0.0034579,           0.0067924,           0.0067924,           0.0067924
                  83,            0.024613,            0.034958,           0.0057206,             0.97625,             0.98111,             0.98162,             0.75058,               0.023,            0.032951,           0.0034166,           0.0067528,           0.0067528,           0.0067528
                  84,             0.02486,            0.034852,             0.00546,             0.97187,             0.97798,             0.98393,             0.74386,            0.023154,            0.033195,           0.0033148,           0.0067132,           0.0067132,           0.0067132
                  85,            0.024854,            0.035638,           0.0056006,              0.9739,             0.97317,             0.98172,             0.74864,            0.023167,            0.033875,            0.003477,           0.0066736,           0.0066736,           0.0066736
                  86,            0.024261,            0.035557,           0.0054178,             0.97178,             0.98126,             0.97954,              0.7473,            0.023054,            0.033892,            0.003442,            0.006634,            0.006634,            0.006634
                  87,            0.024632,            0.036244,           0.0053373,               0.978,             0.97801,             0.98191,             0.74517,            0.022681,            0.032856,           0.0034579,           0.0065944,           0.0065944,           0.0065944
                  88,            0.024554,            0.035421,           0.0052305,             0.97689,             0.98152,             0.98244,             0.74989,            0.022767,            0.032883,           0.0034113,           0.0065548,           0.0065548,           0.0065548
                  89,            0.025213,            0.036198,           0.0056172,              0.9753,               0.982,             0.98241,             0.74898,            0.022818,            0.032654,           0.0034719,           0.0065152,           0.0065152,           0.0065152
                  90,            0.024689,            0.035255,           0.0054922,             0.97792,             0.97389,             0.98287,             0.74697,            0.022702,            0.031919,           0.0032881,           0.0064756,           0.0064756,           0.0064756
                  91,            0.024927,            0.035789,           0.0054292,             0.97802,             0.97399,             0.98072,              0.7485,            0.022956,            0.032539,           0.0033714,            0.006436,            0.006436,            0.006436
                  92,            0.024342,            0.034805,           0.0054356,             0.97379,             0.97728,             0.98117,             0.74763,            0.023228,            0.033215,           0.0037566,           0.0063964,           0.0063964,           0.0063964
                  93,             0.02436,              0.0347,           0.0054344,             0.97564,             0.97833,             0.97934,             0.74418,            0.023107,            0.033215,           0.0033425,           0.0063568,           0.0063568,           0.0063568
                  94,            0.024207,            0.034976,           0.0053405,             0.97688,              0.9811,             0.98228,             0.74171,            0.023019,            0.033257,           0.0036611,           0.0063172,           0.0063172,           0.0063172
                  95,            0.024326,            0.034241,           0.0052412,             0.97236,             0.97948,             0.98012,             0.73962,            0.023039,            0.033367,           0.0032683,           0.0062776,           0.0062776,           0.0062776
                  96,            0.024337,            0.034799,           0.0054545,             0.97338,             0.98136,              0.9826,             0.75294,             0.02295,            0.033766,           0.0033319,            0.006238,            0.006238,            0.006238
                  97,             0.02462,            0.035611,           0.0054487,             0.97648,             0.97562,             0.98169,             0.75049,            0.023143,            0.033077,           0.0032532,           0.0061984,           0.0061984,           0.0061984
                  98,            0.024215,            0.036089,           0.0053327,             0.97598,             0.98139,             0.98324,             0.74655,            0.023172,            0.032753,           0.0032858,           0.0061588,           0.0061588,           0.0061588
                  99,            0.023897,             0.03446,           0.0052479,             0.97689,               0.984,             0.98165,             0.74928,            0.023197,            0.033159,           0.0032971,           0.0061192,           0.0061192,           0.0061192
                 100,            0.024359,            0.034902,           0.0053447,              0.9815,             0.98034,               0.982,             0.74232,            0.023088,            0.033283,           0.0033926,           0.0060796,           0.0060796,           0.0060796
                 101,            0.024757,            0.035424,           0.0055607,             0.97656,             0.97691,             0.98134,             0.74274,            0.022922,            0.032673,           0.0032761,             0.00604,             0.00604,             0.00604
                 102,            0.024442,            0.034502,           0.0053289,             0.97687,             0.97981,             0.98228,             0.74922,            0.023034,            0.033077,            0.003301,           0.0060004,           0.0060004,           0.0060004
                 103,             0.02393,            0.034396,           0.0053636,             0.97316,             0.97843,             0.98121,             0.74937,            0.022871,            0.032471,           0.0032998,           0.0059608,           0.0059608,           0.0059608
                 104,            0.023877,            0.034468,            0.005384,             0.97314,              0.9781,              0.9816,              0.7482,            0.022857,             0.03298,           0.0033649,           0.0059212,           0.0059212,           0.0059212
                 105,            0.024092,            0.034299,            0.005428,             0.97257,             0.97216,             0.98066,             0.74538,            0.023198,              0.0336,           0.0033168,           0.0058816,           0.0058816,           0.0058816
                 106,            0.024173,            0.034516,           0.0054639,             0.96682,             0.97605,             0.98127,             0.75147,            0.022805,            0.032854,           0.0032159,            0.005842,            0.005842,            0.005842
                 107,            0.023899,            0.035122,           0.0054118,              0.9702,             0.97816,             0.98031,             0.75006,            0.022658,            0.033119,           0.0033105,           0.0058024,           0.0058024,           0.0058024
                 108,            0.023696,             0.03418,           0.0053466,             0.96992,             0.98076,             0.98251,              0.7521,            0.022638,            0.032494,            0.003431,           0.0057628,           0.0057628,           0.0057628
                 109,            0.023694,            0.033912,           0.0052565,             0.97057,             0.98278,             0.98227,             0.74371,            0.022625,            0.032356,           0.0032411,           0.0057232,           0.0057232,           0.0057232
                 110,            0.024149,            0.034147,           0.0055731,             0.97297,             0.97838,             0.98331,             0.74929,            0.022679,              0.0327,           0.0032948,           0.0056836,           0.0056836,           0.0056836
                 111,            0.024081,            0.034748,           0.0053891,               0.972,             0.97468,             0.98242,             0.75123,            0.022675,            0.032501,            0.003265,            0.005644,            0.005644,            0.005644
                 112,            0.023618,            0.034037,           0.0053962,             0.97116,              0.9795,             0.98089,             0.75358,            0.022483,            0.032282,           0.0031379,           0.0056044,           0.0056044,           0.0056044
                 113,             0.02353,            0.035164,           0.0054328,             0.97538,             0.97874,             0.98291,             0.74995,            0.022716,            0.032639,             0.00322,           0.0055648,           0.0055648,           0.0055648
                 114,             0.02341,            0.033319,            0.005191,             0.97096,             0.98333,             0.98254,             0.75342,            0.022681,            0.033386,           0.0031892,           0.0055252,           0.0055252,           0.0055252
                 115,            0.023746,            0.034563,           0.0051976,             0.97213,             0.98208,             0.98301,             0.75263,            0.022621,            0.032867,           0.0031806,           0.0054856,           0.0054856,           0.0054856
                 116,            0.023587,            0.034471,           0.0051559,             0.96903,             0.97844,             0.98284,             0.74947,            0.022612,             0.03241,           0.0031567,            0.005446,            0.005446,            0.005446
                 117,             0.02374,            0.033665,           0.0052744,             0.97166,             0.97749,             0.98275,             0.74931,            0.022694,            0.032705,           0.0032232,           0.0054064,           0.0054064,           0.0054064
                 118,            0.023571,            0.033567,           0.0053344,             0.96888,             0.98132,             0.98126,             0.74716,            0.023074,            0.033154,           0.0031232,           0.0053668,           0.0053668,           0.0053668
                 119,            0.023327,              0.0346,           0.0052601,             0.96957,             0.97726,             0.98088,             0.74566,            0.022986,            0.033417,             0.00321,           0.0053272,           0.0053272,           0.0053272
                 120,             0.02353,            0.034066,           0.0053541,             0.97151,             0.97556,             0.98221,             0.74665,            0.022772,             0.03298,           0.0032885,           0.0052876,           0.0052876,           0.0052876
                 121,            0.023558,            0.033652,           0.0052615,             0.97401,             0.97356,             0.98056,             0.74574,            0.023084,             0.03336,           0.0033335,            0.005248,            0.005248,            0.005248
                 122,            0.023723,            0.033947,           0.0051959,             0.97019,             0.97821,             0.98094,             0.74047,            0.022998,            0.033499,           0.0032053,           0.0052084,           0.0052084,           0.0052084
                 123,            0.023184,            0.033596,           0.0052566,             0.97369,             0.98132,               0.982,              0.7495,            0.022697,            0.033091,           0.0030857,           0.0051688,           0.0051688,           0.0051688
                 124,            0.023632,            0.033833,           0.0054338,             0.97152,             0.97671,             0.98249,             0.74826,            0.023191,            0.033466,           0.0031982,           0.0051292,           0.0051292,           0.0051292
                 125,            0.023554,            0.033928,           0.0053803,              0.9737,             0.98128,             0.98208,              0.7523,            0.022606,            0.032557,           0.0030973,           0.0050896,           0.0050896,           0.0050896
                 126,            0.023396,             0.03419,            0.005217,             0.97202,              0.9807,             0.98135,             0.75094,            0.022709,            0.033251,           0.0031787,             0.00505,             0.00505,             0.00505
                 127,            0.023265,            0.033844,           0.0052895,             0.97301,             0.98067,              0.9826,             0.75188,            0.022701,            0.033005,           0.0031879,           0.0050104,           0.0050104,           0.0050104
                 128,            0.023857,            0.034971,           0.0054173,             0.97172,             0.97873,             0.97865,             0.74732,            0.022783,            0.032864,           0.0031593,           0.0049708,           0.0049708,           0.0049708
                 129,            0.023752,            0.033606,           0.0052342,             0.97454,             0.98032,             0.98235,             0.74763,            0.022694,            0.032833,           0.0030838,           0.0049312,           0.0049312,           0.0049312
                 130,            0.022896,            0.034106,           0.0052249,             0.97731,             0.97739,             0.98368,             0.74879,            0.022908,            0.033186,           0.0031345,           0.0048916,           0.0048916,           0.0048916
                 131,            0.023131,             0.03371,           0.0051931,             0.97374,              0.9812,              0.9816,             0.74912,            0.022694,            0.033035,           0.0031567,            0.004852,            0.004852,            0.004852
                 132,             0.02302,            0.034459,           0.0051336,             0.97308,             0.98047,             0.98301,             0.75023,             0.02288,            0.033215,           0.0031383,           0.0048124,           0.0048124,           0.0048124
                 133,            0.022948,            0.033303,           0.0051045,              0.9719,             0.97641,             0.98289,             0.74767,            0.023087,            0.033644,           0.0031869,           0.0047728,           0.0047728,           0.0047728
                 134,             0.02271,            0.032973,           0.0049295,             0.97626,             0.97665,             0.98237,              0.7488,            0.022759,            0.032803,           0.0031161,           0.0047332,           0.0047332,           0.0047332
                 135,            0.023367,            0.034248,           0.0052678,             0.97095,             0.97574,              0.9814,             0.74685,            0.022759,            0.032879,           0.0030983,           0.0046936,           0.0046936,           0.0046936
                 136,            0.023024,            0.033223,           0.0051916,             0.97481,             0.97578,             0.98139,             0.75311,            0.022841,            0.033127,           0.0030999,            0.004654,            0.004654,            0.004654
                 137,            0.022624,            0.034245,           0.0050502,             0.97658,             0.97783,              0.9817,             0.75265,            0.022713,            0.033409,           0.0031331,           0.0046144,           0.0046144,           0.0046144
                 138,            0.023011,            0.032758,           0.0050148,             0.97476,             0.98032,              0.9806,             0.74832,            0.022738,            0.033356,           0.0030873,           0.0045748,           0.0045748,           0.0045748
                 139,            0.022982,            0.033738,           0.0052686,             0.97269,             0.97492,              0.9791,             0.74794,            0.022881,            0.033188,           0.0030371,           0.0045352,           0.0045352,           0.0045352
                 140,            0.022819,            0.033055,           0.0051514,              0.9703,             0.98356,             0.97793,             0.74356,            0.022876,            0.033699,           0.0030823,           0.0044956,           0.0044956,           0.0044956
                 141,             0.02306,            0.033913,           0.0051969,             0.97816,             0.97745,             0.98195,             0.74469,            0.022546,            0.032871,           0.0029972,            0.004456,            0.004456,            0.004456
                 142,            0.023008,            0.034212,           0.0049933,             0.97278,             0.97818,             0.98028,             0.74671,            0.022835,            0.032652,           0.0030547,           0.0044164,           0.0044164,           0.0044164
                 143,            0.022787,            0.033879,            0.005144,             0.97279,             0.97708,             0.97914,             0.74682,            0.022795,            0.032726,           0.0030973,           0.0043768,           0.0043768,           0.0043768
                 144,            0.022967,            0.034189,           0.0052191,              0.9741,             0.97644,             0.98008,             0.74775,            0.022749,            0.032864,           0.0031044,           0.0043372,           0.0043372,           0.0043372
                 145,            0.023041,            0.033117,           0.0051309,             0.97465,             0.98161,             0.98192,             0.75008,            0.022752,            0.032621,           0.0031775,           0.0042976,           0.0042976,           0.0042976
                 146,            0.022502,             0.03346,           0.0051531,             0.97352,             0.97955,             0.98123,             0.75116,             0.02249,            0.032536,           0.0030476,            0.004258,            0.004258,            0.004258
                 147,            0.022972,            0.033313,           0.0051125,             0.97069,             0.97994,             0.97877,             0.74723,            0.022543,            0.032234,           0.0031383,           0.0042184,           0.0042184,           0.0042184
                 148,            0.022501,            0.032899,           0.0049825,             0.97154,             0.97669,             0.98218,              0.7468,            0.022869,            0.033348,           0.0030707,           0.0041788,           0.0041788,           0.0041788
                 149,            0.022492,            0.033351,           0.0048536,             0.97562,              0.9746,             0.98143,             0.75009,            0.022849,            0.032988,           0.0030828,           0.0041392,           0.0041392,           0.0041392
                 150,            0.022615,            0.032692,           0.0050243,             0.97091,             0.98217,             0.98088,             0.73842,            0.022626,              0.0329,           0.0030823,           0.0040996,           0.0040996,           0.0040996
                 151,            0.022667,            0.032521,            0.004906,             0.96915,             0.98207,             0.98054,             0.74707,            0.022735,            0.033167,           0.0030621,             0.00406,             0.00406,             0.00406
                 152,            0.022531,            0.033274,           0.0051518,             0.97301,             0.97981,             0.98021,             0.74783,            0.022807,            0.033674,           0.0031256,           0.0040204,           0.0040204,           0.0040204
                 153,            0.022638,            0.033654,           0.0050091,             0.97059,             0.98076,             0.98076,             0.74608,            0.022524,            0.033504,            0.003042,           0.0039808,           0.0039808,           0.0039808
                 154,            0.022368,            0.032511,           0.0049914,             0.97652,             0.97802,             0.98126,             0.75549,            0.022429,            0.033081,           0.0031162,           0.0039412,           0.0039412,           0.0039412
                 155,            0.022506,            0.032733,           0.0050453,             0.97085,              0.9801,             0.98136,             0.75506,              0.0223,            0.033056,           0.0030687,           0.0039016,           0.0039016,           0.0039016
                 156,            0.022705,            0.032129,           0.0051033,             0.97298,              0.9719,             0.98159,             0.75103,            0.022567,            0.033195,           0.0030264,            0.003862,            0.003862,            0.003862
                 157,            0.022621,            0.033045,           0.0051904,             0.97061,             0.98481,             0.97886,             0.74825,            0.022648,            0.033113,            0.002969,           0.0038224,           0.0038224,           0.0038224
                 158,            0.022087,            0.032685,           0.0049578,             0.97453,             0.97514,              0.9817,             0.74684,            0.022689,            0.033403,           0.0030995,           0.0037828,           0.0037828,           0.0037828
                 159,             0.02233,            0.032295,           0.0049594,             0.97096,             0.97583,             0.98073,             0.74775,            0.022889,            0.033455,           0.0030652,           0.0037432,           0.0037432,           0.0037432
                 160,            0.022608,            0.034118,           0.0049816,             0.96867,             0.97676,             0.98223,             0.75018,             0.02288,             0.03371,           0.0030248,           0.0037036,           0.0037036,           0.0037036
                 161,            0.022323,            0.033331,           0.0049864,             0.97423,             0.97585,             0.98029,             0.74744,            0.022677,            0.032904,           0.0029709,            0.003664,            0.003664,            0.003664
                 162,            0.022444,            0.033013,           0.0050962,             0.97337,             0.97939,             0.98044,             0.74795,            0.022841,            0.033297,           0.0029462,           0.0036244,           0.0036244,           0.0036244
                 163,            0.022206,            0.032176,           0.0048975,             0.97528,             0.98132,             0.98065,             0.74582,            0.022662,            0.032589,           0.0029936,           0.0035848,           0.0035848,           0.0035848
                 164,            0.022355,            0.032616,           0.0050676,             0.97425,             0.97726,              0.9813,             0.75034,             0.02268,             0.03301,           0.0032444,           0.0035452,           0.0035452,           0.0035452
                 165,            0.022483,            0.032308,           0.0049357,             0.97611,             0.98073,             0.98229,             0.74978,            0.022546,            0.032776,           0.0031421,           0.0035056,           0.0035056,           0.0035056
                 166,            0.022293,            0.033254,           0.0049357,             0.97607,             0.97603,             0.98138,             0.75054,            0.022517,             0.03298,           0.0031018,            0.003466,            0.003466,            0.003466
                 167,            0.022291,            0.033065,           0.0051876,             0.97557,             0.97895,             0.98204,             0.75349,            0.022613,            0.033051,           0.0029824,           0.0034264,           0.0034264,           0.0034264
                 168,            0.021814,             0.03166,           0.0049251,             0.97657,             0.97868,             0.98308,             0.75157,            0.022755,            0.033627,           0.0030006,           0.0033868,           0.0033868,           0.0033868
                 169,            0.022131,            0.032391,            0.005011,             0.97455,             0.97976,             0.98255,             0.75394,            0.022752,            0.033596,           0.0031733,           0.0033472,           0.0033472,           0.0033472
                 170,            0.022373,            0.032567,           0.0051682,             0.97168,             0.97844,              0.9821,              0.7473,            0.022566,            0.033295,           0.0031219,           0.0033076,           0.0033076,           0.0033076
                 171,            0.021974,            0.032113,           0.0049734,             0.97283,             0.97509,             0.98087,             0.74452,            0.022799,            0.033619,           0.0030957,            0.003268,            0.003268,            0.003268
                 172,             0.02213,            0.032639,           0.0048535,             0.97236,             0.97888,               0.982,              0.7516,             0.02272,            0.033375,           0.0030782,           0.0032284,           0.0032284,           0.0032284
                 173,             0.02164,              0.0319,           0.0047183,             0.97633,             0.97578,              0.9819,             0.75139,            0.022522,            0.033352,           0.0030835,           0.0031888,           0.0031888,           0.0031888
                 174,            0.022079,            0.032932,           0.0050227,             0.97619,             0.97557,             0.98137,             0.75309,            0.022371,            0.033127,           0.0031469,           0.0031492,           0.0031492,           0.0031492
                 175,            0.022199,            0.032276,           0.0050405,             0.97098,             0.97779,             0.97892,             0.74955,            0.022551,            0.033545,           0.0029984,           0.0031096,           0.0031096,           0.0031096
                 176,            0.022095,            0.032384,           0.0048835,             0.97303,             0.97896,             0.98044,             0.75025,            0.022503,            0.033564,           0.0030031,             0.00307,             0.00307,             0.00307
                 177,            0.021975,            0.031262,           0.0048187,             0.97437,             0.97967,             0.98191,             0.74968,            0.022422,             0.03368,           0.0029644,           0.0030304,           0.0030304,           0.0030304
                 178,            0.021986,            0.032626,           0.0049128,             0.97268,             0.97672,             0.98234,             0.74892,            0.022686,            0.034296,           0.0029841,           0.0029908,           0.0029908,           0.0029908
                 179,            0.022029,            0.031421,             0.00516,             0.96974,              0.9784,             0.98035,             0.74787,            0.022625,            0.033489,           0.0029902,           0.0029512,           0.0029512,           0.0029512
                 180,            0.021888,            0.031991,           0.0048589,             0.97044,             0.97499,             0.97938,             0.74766,            0.022613,            0.033447,           0.0030699,           0.0029116,           0.0029116,           0.0029116
                 181,            0.022074,            0.032652,           0.0051378,             0.96952,             0.97848,             0.98158,             0.74958,            0.022497,            0.033937,           0.0030947,            0.002872,            0.002872,            0.002872
                 182,            0.021905,            0.032226,            0.004828,             0.97045,             0.97635,             0.98127,             0.74805,            0.022665,            0.033646,           0.0030342,           0.0028324,           0.0028324,           0.0028324
                 183,            0.021962,             0.03176,           0.0048134,             0.96859,             0.97566,             0.97997,             0.74528,            0.022744,             0.03389,           0.0030546,           0.0027928,           0.0027928,           0.0027928
                 184,            0.021653,            0.031615,           0.0050016,             0.97352,             0.97448,             0.98077,              0.7467,            0.022481,            0.033051,           0.0030129,           0.0027532,           0.0027532,           0.0027532
                 185,            0.022039,             0.03239,           0.0050526,             0.97219,             0.98042,             0.98097,             0.75445,            0.022354,            0.033087,           0.0029891,           0.0027136,           0.0027136,           0.0027136
                 186,            0.021331,            0.031336,            0.004688,             0.97069,             0.98038,             0.98108,             0.75359,            0.022429,             0.03347,           0.0030183,            0.002674,            0.002674,            0.002674
                 187,            0.021759,            0.030976,           0.0048253,             0.97379,             0.97958,             0.98132,             0.75122,            0.022581,            0.033657,            0.003024,           0.0026344,           0.0026344,           0.0026344
                 188,            0.021975,             0.03268,           0.0050749,             0.97497,             0.98045,             0.97994,             0.74943,            0.022623,            0.034002,            0.003022,           0.0025948,           0.0025948,           0.0025948
                 189,            0.021757,            0.031754,            0.004934,              0.9724,             0.97866,             0.98021,             0.74749,            0.022659,            0.033745,           0.0030622,           0.0025552,           0.0025552,           0.0025552
                 190,            0.021921,            0.031737,            0.004963,             0.97273,             0.97856,             0.98145,              0.7452,             0.02266,            0.033716,           0.0029918,           0.0025156,           0.0025156,           0.0025156
                 191,            0.021923,            0.031599,           0.0049474,             0.97271,             0.97634,             0.98155,             0.74651,             0.02271,             0.03351,           0.0030249,            0.002476,            0.002476,            0.002476
                 192,            0.021578,            0.031585,           0.0048622,             0.97286,             0.97337,             0.98201,             0.74493,            0.022855,             0.03376,           0.0031387,           0.0024364,           0.0024364,           0.0024364
                 193,             0.02175,            0.031213,           0.0048864,             0.97099,             0.97715,             0.98081,             0.74898,            0.022819,            0.033558,           0.0031035,           0.0023968,           0.0023968,           0.0023968
                 194,             0.02174,            0.031675,           0.0049855,             0.97067,             0.98051,             0.98136,             0.74827,            0.022456,            0.033443,           0.0030217,           0.0023572,           0.0023572,           0.0023572
                 195,            0.021649,            0.031836,            0.004838,             0.97578,             0.97408,             0.98205,             0.75419,            0.022628,            0.033802,           0.0030035,           0.0023176,           0.0023176,           0.0023176
                 196,            0.021495,            0.031481,           0.0046752,             0.96908,             0.97988,             0.97874,             0.75095,            0.022522,            0.033833,           0.0030947,            0.002278,            0.002278,            0.002278
                 197,            0.021597,            0.031545,           0.0048298,             0.96751,             0.97506,             0.98098,             0.75068,             0.02257,            0.033525,           0.0031432,           0.0022384,           0.0022384,           0.0022384
                 198,            0.021389,            0.031796,           0.0046682,             0.96688,             0.97883,              0.9802,             0.75024,            0.022557,            0.033569,           0.0031359,           0.0021988,           0.0021988,           0.0021988
                 199,            0.021707,            0.030542,           0.0048739,              0.9744,             0.97935,              0.9816,             0.75069,            0.022627,            0.033699,           0.0029972,           0.0021592,           0.0021592,           0.0021592
                 200,             0.02137,            0.030976,           0.0047598,             0.97713,             0.97737,              0.9805,              0.7536,            0.022624,            0.033356,           0.0030767,           0.0021196,           0.0021196,           0.0021196
                 201,            0.021405,            0.030826,           0.0047318,             0.97268,             0.97565,             0.98147,              0.7488,            0.022581,            0.033682,           0.0031443,             0.00208,             0.00208,             0.00208
                 202,            0.021198,            0.030809,           0.0047257,             0.97232,             0.97682,             0.98079,             0.75299,            0.022445,            0.033463,           0.0031269,           0.0020404,           0.0020404,           0.0020404
                 203,            0.021526,            0.031209,           0.0048894,              0.9759,             0.98304,              0.9806,             0.74848,            0.022415,            0.033674,            0.003098,           0.0020008,           0.0020008,           0.0020008
                 204,            0.021592,            0.031144,           0.0049182,             0.97469,             0.97941,             0.98035,             0.74887,            0.022405,            0.033583,           0.0030068,           0.0019612,           0.0019612,           0.0019612
                 205,            0.021374,            0.030744,           0.0047961,             0.97031,             0.97793,             0.97883,              0.7479,            0.022434,            0.033592,           0.0030886,           0.0019216,           0.0019216,           0.0019216
                 206,            0.021505,            0.030864,           0.0047628,             0.97013,             0.97844,              0.9785,             0.74942,             0.02236,            0.033546,           0.0030551,            0.001882,            0.001882,            0.001882
                 207,            0.021343,            0.032173,           0.0047938,             0.97376,             0.97985,             0.97915,             0.75065,            0.022314,            0.033167,           0.0029936,           0.0018424,           0.0018424,           0.0018424
                 208,            0.021207,            0.030832,           0.0047251,             0.97147,             0.97687,             0.97974,             0.74956,            0.022396,            0.033356,           0.0030282,           0.0018028,           0.0018028,           0.0018028
                 209,            0.021199,            0.031064,           0.0046527,             0.97497,             0.97957,             0.97987,              0.7497,            0.022376,            0.033432,            0.002989,           0.0017632,           0.0017632,           0.0017632
                 210,            0.021216,            0.031255,           0.0047093,             0.97256,             0.97922,             0.97882,             0.75086,            0.022341,            0.033218,           0.0029664,           0.0017236,           0.0017236,           0.0017236
                 211,            0.021081,            0.030492,           0.0046827,             0.97185,             0.97917,             0.97994,             0.75028,            0.022598,            0.033646,           0.0029603,            0.001684,            0.001684,            0.001684
                 212,             0.02145,            0.031663,           0.0048879,             0.97032,             0.97687,             0.97825,             0.75013,            0.022385,            0.033432,           0.0029634,           0.0016444,           0.0016444,           0.0016444
                 213,            0.020972,            0.031216,           0.0046927,             0.96708,             0.97391,             0.97946,             0.74893,            0.022586,            0.034014,            0.002977,           0.0016048,           0.0016048,           0.0016048
                 214,            0.021294,            0.030283,           0.0048705,             0.97035,             0.97473,             0.97924,             0.74927,            0.022498,            0.033804,           0.0030189,           0.0015652,           0.0015652,           0.0015652
                 215,            0.021206,            0.030537,           0.0047997,             0.96991,              0.9771,              0.9803,             0.75181,            0.022307,             0.03373,           0.0030747,           0.0015256,           0.0015256,           0.0015256
                 216,            0.021115,            0.030622,           0.0047238,             0.96872,             0.98159,             0.98047,              0.7521,             0.02246,            0.033909,           0.0031075,            0.001486,            0.001486,            0.001486
                 217,            0.021302,            0.030745,           0.0047264,             0.96811,             0.97933,             0.98124,             0.74794,             0.02248,            0.033936,           0.0030707,           0.0014464,           0.0014464,           0.0014464
                 218,            0.021332,            0.031167,            0.004774,             0.97081,             0.98187,              0.9815,             0.75239,             0.02255,            0.033686,           0.0030464,           0.0014068,           0.0014068,           0.0014068
                 219,            0.021391,            0.031522,           0.0047234,             0.97588,             0.97584,             0.98175,             0.75448,            0.022496,            0.033566,           0.0030071,           0.0013672,           0.0013672,           0.0013672
                 220,            0.020946,            0.030279,           0.0046312,             0.97044,               0.977,             0.98047,             0.75149,            0.022473,            0.033772,           0.0030281,           0.0013276,           0.0013276,           0.0013276
                 221,            0.021031,            0.030285,           0.0045748,             0.96971,              0.9797,                0.98,             0.75043,            0.022455,            0.033911,           0.0030051,            0.001288,            0.001288,            0.001288
                 222,            0.021062,            0.031089,            0.004839,             0.96774,             0.98016,             0.97946,             0.74817,            0.022316,            0.033707,           0.0030501,           0.0012484,           0.0012484,           0.0012484
                 223,            0.020769,            0.031635,           0.0045124,             0.96784,             0.97704,             0.97867,             0.74787,            0.022278,            0.033676,           0.0030631,           0.0012088,           0.0012088,           0.0012088
                 224,            0.021146,            0.030705,           0.0048144,             0.97003,             0.97981,             0.97967,             0.75201,            0.022337,            0.033512,           0.0029826,           0.0011692,           0.0011692,           0.0011692
                 225,            0.021271,            0.030446,           0.0048074,             0.97199,              0.9795,              0.9803,             0.75546,            0.022355,            0.033661,           0.0029395,           0.0011296,           0.0011296,           0.0011296
                 226,            0.020547,            0.030627,           0.0046316,             0.96913,             0.97981,             0.97995,             0.75131,            0.022471,            0.034088,           0.0030556,             0.00109,             0.00109,             0.00109
                 227,            0.021091,            0.030548,           0.0047926,             0.97113,             0.97953,              0.9796,             0.75254,            0.022448,            0.033815,           0.0031147,           0.0010504,           0.0010504,           0.0010504
                 228,             0.02095,            0.029628,           0.0046892,             0.96975,              0.9769,             0.97811,             0.74989,            0.022465,            0.033716,           0.0031089,           0.0010108,           0.0010108,           0.0010108
                 229,            0.020818,            0.029853,           0.0045569,             0.97179,             0.97543,             0.97908,             0.75121,            0.022374,            0.033714,            0.003072,           0.0009712,           0.0009712,           0.0009712
                 230,            0.021023,            0.030173,            0.004664,             0.97324,             0.97585,             0.98023,             0.75156,             0.02239,            0.033531,           0.0030584,           0.0009316,           0.0009316,           0.0009316
                 231,            0.020893,            0.030358,           0.0047762,             0.97039,             0.98005,             0.97951,             0.75336,            0.022479,            0.033648,             0.00308,            0.000892,            0.000892,            0.000892
                 232,            0.020979,            0.030686,            0.004589,             0.97011,             0.97958,             0.97904,             0.75356,            0.022449,            0.033501,            0.003025,           0.0008524,           0.0008524,           0.0008524
                 233,            0.020856,             0.03069,           0.0046348,             0.97226,             0.97599,             0.97897,             0.75216,            0.022345,             0.03371,           0.0030239,           0.0008128,           0.0008128,           0.0008128
                 234,            0.021033,            0.031279,           0.0048193,              0.9713,             0.97578,             0.97907,             0.75084,            0.022525,            0.033905,           0.0030262,           0.0007732,           0.0007732,           0.0007732
                 235,             0.02078,            0.030793,            0.004718,             0.97164,             0.97677,              0.9795,             0.74946,            0.022555,            0.034008,           0.0030344,           0.0007336,           0.0007336,           0.0007336
                 236,            0.020684,            0.029936,           0.0045483,             0.96883,             0.97563,             0.97972,               0.748,            0.022568,            0.034153,           0.0031021,            0.000694,            0.000694,            0.000694
                 237,            0.021084,             0.03045,           0.0048557,             0.96898,             0.97749,             0.97938,             0.74866,            0.022537,            0.033844,           0.0031017,           0.0006544,           0.0006544,           0.0006544
                 238,            0.020854,            0.030981,           0.0046805,             0.96912,             0.97179,             0.97794,             0.75069,            0.022585,            0.033829,           0.0031253,           0.0006148,           0.0006148,           0.0006148
                 239,            0.020776,            0.030378,           0.0046293,              0.9729,             0.97363,             0.97789,             0.74889,             0.02246,            0.033974,           0.0030975,           0.0005752,           0.0005752,           0.0005752
                 240,            0.020355,            0.028907,           0.0043374,             0.97176,             0.97802,             0.97943,             0.75416,            0.022353,            0.034039,           0.0030894,           0.0005356,           0.0005356,           0.0005356
                 241,            0.021053,            0.030538,           0.0048089,             0.97188,             0.97578,             0.97957,              0.7544,            0.022403,            0.034119,           0.0030971,            0.000496,            0.000496,            0.000496
                 242,            0.020751,            0.030837,           0.0046668,             0.97002,             0.97769,             0.97942,             0.75511,            0.022417,            0.034088,           0.0031028,           0.0004564,           0.0004564,           0.0004564
                 243,            0.021193,            0.031317,           0.0049694,             0.97146,             0.97572,             0.97925,             0.75069,            0.022418,            0.033957,             0.00311,           0.0004168,           0.0004168,           0.0004168
                 244,            0.020394,            0.029476,           0.0045257,             0.96939,             0.97932,             0.97933,             0.75278,            0.022313,            0.033867,           0.0030937,           0.0003772,           0.0003772,           0.0003772
                 245,            0.020615,            0.030272,           0.0046589,             0.96926,             0.98012,             0.97929,             0.75145,            0.022381,            0.033957,           0.0030838,           0.0003376,           0.0003376,           0.0003376
                 246,            0.020793,             0.03056,            0.004689,             0.97151,             0.98054,             0.97936,             0.75089,            0.022513,            0.034134,           0.0030749,            0.000298,            0.000298,            0.000298
                 247,            0.020814,             0.03096,           0.0048982,             0.97106,              0.9809,             0.97996,             0.75086,            0.022502,             0.03418,           0.0030781,           0.0002584,           0.0002584,           0.0002584
                 248,            0.020664,            0.029586,           0.0045615,             0.97007,             0.98034,             0.97951,              0.7518,            0.022467,            0.034077,           0.0030972,           0.0002188,           0.0002188,           0.0002188
                 249,            0.020682,             0.02925,           0.0047063,             0.96835,             0.97861,             0.97945,             0.75181,            0.022457,            0.033997,           0.0031036,           0.0001792,           0.0001792,           0.0001792
