               epoch,      train/box_loss,      train/obj_loss,      train/cls_loss,   metrics/precision,      metrics/recall,     metrics/mAP_0.5,metrics/mAP_0.5:0.95,        val/box_loss,        val/obj_loss,        val/cls_loss,               x/lr0,               x/lr1,               x/lr2
                   0,            0.016299,           0.0093261,                   0,              0.9326,             0.86497,             0.95491,             0.77784,            0.013077,            0.003254,                   0,              0.0829,              0.0019,              0.0019
                   1,            0.019352,           0.0093125,                   0,             0.96748,             0.92978,             0.98554,             0.84507,            0.011241,           0.0028723,                   0,            0.064881,           0.0038807,           0.0038807
                   2,             0.01912,           0.0095012,                   0,             0.86129,              0.9375,             0.97484,             0.80604,            0.011318,           0.0026177,                   0,            0.046842,           0.0058416,           0.0058416
                   3,            0.023561,            0.010297,                   0,             0.98911,              0.8125,              0.9288,             0.72309,            0.017995,           0.0031426,                   0,            0.028783,           0.0077827,           0.0077827
                   4,            0.024861,            0.010246,                   0,             0.96608,             0.89028,             0.95173,             0.64132,            0.015159,           0.0030689,                   0,            0.010704,            0.009704,            0.009704
                   5,            0.025683,            0.011653,                   0,             0.99738,               0.875,             0.98397,             0.79581,            0.011838,           0.0029637,                   0,           0.0097525,           0.0097525,           0.0097525
                   6,            0.025857,            0.011546,                   0,             0.96664,             0.90565,             0.97271,             0.82982,            0.016353,           0.0032159,                   0,           0.0097525,           0.0097525,           0.0097525
                   7,            0.028944,            0.012071,                   0,             0.92788,              0.9375,             0.95152,             0.73082,            0.016055,           0.0034363,                   0,            0.009703,            0.009703,            0.009703
                   8,            0.024917,            0.012056,                   0,             0.84992,              0.8851,             0.92451,             0.73794,            0.015442,           0.0032926,                   0,           0.0096535,           0.0096535,           0.0096535
                   9,            0.027025,            0.011774,                   0,             0.89807,             0.82629,             0.93756,             0.73101,            0.017619,           0.0030687,                   0,            0.009604,            0.009604,            0.009604
                  10,            0.025494,            0.011362,                   0,             0.90978,             0.96875,             0.95516,             0.79376,            0.026518,           0.0031005,                   0,           0.0095545,           0.0095545,           0.0095545
                  11,            0.031201,            0.011666,                   0,             0.93729,             0.93426,              0.9621,             0.81196,            0.017128,           0.0030973,                   0,            0.009505,            0.009505,            0.009505
                  12,            0.027912,            0.012987,                   0,             0.93543,             0.90542,             0.96378,             0.77894,            0.013114,           0.0029502,                   0,           0.0094555,           0.0094555,           0.0094555
                  13,            0.026646,             0.01285,                   0,             0.89962,             0.90625,             0.93576,              0.7347,            0.015233,           0.0027592,                   0,            0.009406,            0.009406,            0.009406
                  14,            0.024744,            0.012835,                   0,             0.99225,              0.9375,             0.98061,             0.79504,            0.016557,           0.0031176,                   0,           0.0093565,           0.0093565,           0.0093565
                  15,            0.026858,            0.012361,                   0,             0.78328,             0.90363,             0.90628,             0.65984,             0.01719,           0.0032663,                   0,            0.009307,            0.009307,            0.009307
                  16,            0.027782,            0.013586,                   0,             0.85717,              0.9375,             0.92524,             0.72238,            0.016886,           0.0033493,                   0,           0.0092575,           0.0092575,           0.0092575
                  17,            0.023306,             0.01188,                   0,             0.88086,             0.92445,             0.92664,             0.76222,             0.01327,            0.003479,                   0,            0.009208,            0.009208,            0.009208
                  18,            0.025694,            0.011553,                   0,             0.96091,             0.96875,             0.95077,             0.77979,            0.016894,           0.0029582,                   0,           0.0091585,           0.0091585,           0.0091585
                  19,            0.027564,            0.011108,                   0,             0.93095,             0.90625,             0.96522,             0.74088,            0.012305,           0.0026786,                   0,            0.009109,            0.009109,            0.009109
                  20,            0.026331,            0.012313,                   0,             0.90316,              0.9375,             0.97627,             0.79434,            0.012454,           0.0028904,                   0,           0.0090595,           0.0090595,           0.0090595
                  21,            0.023802,            0.012417,                   0,              0.9006,             0.96875,             0.98237,             0.76735,            0.014766,           0.0027711,                   0,             0.00901,             0.00901,             0.00901
                  22,            0.025967,            0.012226,                   0,             0.88301,             0.94365,             0.97347,              0.7031,            0.014256,           0.0029844,                   0,           0.0089605,           0.0089605,           0.0089605
                  23,            0.025448,             0.01165,                   0,             0.81823,               0.875,              0.9233,             0.75101,            0.019328,            0.003234,                   0,            0.008911,            0.008911,            0.008911
                  24,            0.024618,            0.012043,                   0,             0.96395,             0.83591,             0.95378,             0.76919,             0.01818,           0.0029876,                   0,           0.0088615,           0.0088615,           0.0088615
                  25,             0.02715,             0.01115,                   0,             0.92968,             0.96875,             0.98813,             0.75392,            0.019158,           0.0031478,                   0,            0.008812,            0.008812,            0.008812
                  26,            0.029842,            0.011836,                   0,             0.90316,             0.87432,             0.91648,             0.75081,            0.011778,            0.003134,                   0,           0.0087625,           0.0087625,           0.0087625
                  27,            0.027731,            0.011692,                   0,             0.82647,             0.89321,              0.9242,             0.64096,              0.0155,           0.0034897,                   0,            0.008713,            0.008713,            0.008713
                  28,            0.026293,             0.01158,                   0,             0.77946,             0.78125,              0.7851,             0.63385,            0.016095,           0.0036695,                   0,           0.0086635,           0.0086635,           0.0086635
                  29,             0.02664,            0.011227,                   0,             0.71056,                0.75,             0.77378,             0.63712,            0.016733,           0.0039398,                   0,            0.008614,            0.008614,            0.008614
                  30,            0.026021,            0.012233,                   0,             0.73251,              0.6875,             0.67889,             0.55728,            0.024005,            0.004606,                   0,           0.0085645,           0.0085645,           0.0085645
                  31,            0.025469,            0.011413,                   0,             0.79847,             0.61927,             0.69863,              0.5972,            0.019914,           0.0046712,                   0,            0.008515,            0.008515,            0.008515
                  32,            0.027838,            0.011496,                   0,             0.98199,               0.875,             0.95727,             0.69255,            0.017652,            0.003004,                   0,           0.0084655,           0.0084655,           0.0084655
                  33,            0.026486,            0.012189,                   0,             0.99098,              0.9375,             0.98452,             0.80599,            0.013297,           0.0031217,                   0,            0.008416,            0.008416,            0.008416
                  34,            0.021665,           0.0099453,                   0,             0.98733,              0.9375,             0.96336,             0.76811,            0.012095,            0.003319,                   0,           0.0083665,           0.0083665,           0.0083665
                  35,            0.024888,            0.011364,                   0,             0.95952,             0.90625,             0.95567,              0.7344,            0.012502,           0.0031662,                   0,            0.008317,            0.008317,            0.008317
                  36,            0.022873,            0.011163,                   0,             0.90629,             0.90664,              0.9653,             0.72432,            0.013038,            0.003293,                   0,           0.0082675,           0.0082675,           0.0082675
                  37,            0.022083,            0.010641,                   0,             0.96654,             0.90292,             0.97713,             0.82154,            0.010379,            0.003443,                   0,            0.008218,            0.008218,            0.008218
                  38,            0.021853,            0.011941,                   0,             0.90635,              0.9375,             0.96118,             0.78346,             0.01262,           0.0034816,                   0,           0.0081685,           0.0081685,           0.0081685
                  39,            0.022676,            0.010538,                   0,             0.96759,             0.93306,             0.96225,             0.81057,            0.013223,           0.0030893,                   0,            0.008119,            0.008119,            0.008119
                  40,            0.021796,            0.010197,                   0,             0.96768,             0.93584,             0.96148,              0.8113,            0.013292,           0.0031661,                   0,           0.0080695,           0.0080695,           0.0080695
                  41,            0.024067,            0.010116,                   0,              0.9333,             0.71875,             0.89705,              0.7841,            0.014549,           0.0037357,                   0,             0.00802,             0.00802,             0.00802
                  42,            0.024873,            0.010726,                   0,             0.93498,              0.8989,             0.95249,             0.72042,            0.015269,           0.0030221,                   0,           0.0079705,           0.0079705,           0.0079705
                  43,            0.020002,            0.010262,                   0,             0.96858,             0.96352,             0.95424,             0.80217,            0.014049,            0.002857,                   0,            0.007921,            0.007921,            0.007921
                  44,            0.024368,            0.010631,                   0,             0.96752,             0.93109,             0.96542,             0.75595,            0.011727,           0.0028795,                   0,           0.0078715,           0.0078715,           0.0078715
                  45,            0.026762,            0.011023,                   0,             0.88268,             0.94055,             0.95599,             0.78708,            0.012773,           0.0033254,                   0,            0.007822,            0.007822,            0.007822
                  46,            0.020986,            0.010159,                   0,             0.86254,              0.9375,             0.95719,             0.77504,            0.013285,           0.0032023,                   0,           0.0077725,           0.0077725,           0.0077725
                  47,            0.023494,            0.010228,                   0,             0.96178,             0.96875,              0.9625,             0.80564,            0.014017,           0.0031088,                   0,            0.007723,            0.007723,            0.007723
                  48,            0.025782,             0.01134,                   0,             0.91293,              0.9375,             0.96339,               0.817,             0.01445,           0.0031722,                   0,           0.0076735,           0.0076735,           0.0076735
                  49,            0.022046,            0.010604,                   0,             0.90152,             0.96875,             0.97277,             0.81965,            0.018577,           0.0031124,                   0,            0.007624,            0.007624,            0.007624
                  50,            0.021119,            0.010392,                   0,             0.96765,             0.93494,             0.96555,             0.82721,             0.01626,           0.0034081,                   0,           0.0075745,           0.0075745,           0.0075745
                  51,            0.022151,            0.010222,                   0,             0.96445,              0.9375,             0.94777,             0.77674,            0.011538,           0.0032829,                   0,            0.007525,            0.007525,            0.007525
                  52,            0.020946,            0.010381,                   0,             0.93504,              0.8998,              0.9389,             0.78916,             0.01047,           0.0030606,                   0,           0.0074755,           0.0074755,           0.0074755
                  53,            0.022624,            0.010408,                   0,             0.96695,             0.91461,             0.94808,             0.75401,            0.014608,           0.0033762,                   0,            0.007426,            0.007426,            0.007426
                  54,             0.02061,            0.010143,                   0,             0.96233,              0.9375,             0.96275,             0.82367,            0.012098,           0.0029808,                   0,           0.0073765,           0.0073765,           0.0073765
                  55,            0.021846,            0.010488,                   0,             0.93706,             0.93065,             0.96431,             0.80946,            0.012185,           0.0032745,                   0,            0.007327,            0.007327,            0.007327
                  56,             0.02378,            0.010386,                   0,             0.90496,             0.89289,             0.91881,             0.74694,            0.013692,           0.0032903,                   0,           0.0072775,           0.0072775,           0.0072775
                  57,            0.020583,           0.0097282,                   0,             0.87682,               0.875,             0.92386,             0.75839,            0.013284,           0.0033262,                   0,            0.007228,            0.007228,            0.007228
                  58,            0.023645,            0.010497,                   0,             0.93404,              0.8852,             0.96301,             0.74369,            0.012035,           0.0031352,                   0,           0.0071785,           0.0071785,           0.0071785
                  59,            0.022053,            0.010064,                   0,             0.95723,              0.9375,             0.97044,             0.74479,            0.013261,           0.0029197,                   0,            0.007129,            0.007129,            0.007129
                  60,            0.018331,           0.0092752,                   0,             0.96686,             0.91187,             0.97327,             0.75358,            0.014849,           0.0030486,                   0,           0.0070795,           0.0070795,           0.0070795
                  61,            0.023341,            0.010598,                   0,             0.85334,              0.9375,             0.94424,             0.78299,            0.012416,           0.0030845,                   0,             0.00703,             0.00703,             0.00703
                  62,            0.019056,           0.0089685,                   0,             0.87913,              0.9375,             0.97473,             0.84021,            0.013285,           0.0028243,                   0,           0.0069805,           0.0069805,           0.0069805
                  63,            0.022522,            0.010154,                   0,             0.89987,              0.9375,             0.97409,             0.75328,            0.012085,           0.0029974,                   0,            0.006931,            0.006931,            0.006931
                  64,            0.019952,           0.0091645,                   0,             0.99715,             0.90625,             0.98141,             0.85371,            0.012401,           0.0028566,                   0,           0.0068815,           0.0068815,           0.0068815
                  65,            0.020833,            0.010004,                   0,             0.96265,             0.90625,             0.96958,             0.83312,            0.011484,           0.0028682,                   0,            0.006832,            0.006832,            0.006832
                  66,            0.024174,            0.010208,                   0,             0.96636,             0.89805,              0.9452,             0.82847,            0.012025,           0.0030652,                   0,           0.0067825,           0.0067825,           0.0067825
                  67,            0.019002,           0.0097486,                   0,             0.96655,             0.90317,             0.94706,             0.80608,             0.01287,           0.0027949,                   0,            0.006733,            0.006733,            0.006733
                  68,            0.022661,           0.0098295,                   0,             0.96205,               0.875,             0.93492,             0.79445,            0.011015,           0.0027472,                   0,           0.0066835,           0.0066835,           0.0066835
                  69,            0.017834,           0.0097452,                   0,              0.9049,             0.96875,             0.96405,             0.82301,            0.012256,           0.0028267,                   0,            0.006634,            0.006634,            0.006634
                  70,            0.019225,           0.0093689,                   0,             0.96256,             0.96875,             0.93944,              0.7767,            0.013912,              0.0034,                   0,           0.0065845,           0.0065845,           0.0065845
                  71,            0.019418,           0.0093834,                   0,             0.73459,             0.96875,             0.88109,             0.74105,             0.01315,           0.0038793,                   0,            0.006535,            0.006535,            0.006535
                  72,            0.022278,            0.010089,                   0,                   1,             0.93411,             0.95843,             0.82587,            0.013495,           0.0028903,                   0,           0.0064855,           0.0064855,           0.0064855
                  73,            0.020774,            0.010613,                   0,             0.96317,              0.9375,             0.94965,             0.78755,            0.013327,           0.0031735,                   0,            0.006436,            0.006436,            0.006436
                  74,            0.017491,           0.0091212,                   0,             0.96625,              0.9375,              0.9501,             0.78122,            0.015371,           0.0033157,                   0,           0.0063865,           0.0063865,           0.0063865
                  75,            0.020218,            0.009529,                   0,             0.95914,              0.9375,             0.94986,             0.80762,            0.012913,           0.0029587,                   0,            0.006337,            0.006337,            0.006337
                  76,            0.021817,            0.010576,                   0,             0.96765,             0.93491,             0.95005,             0.79991,            0.016866,           0.0028187,                   0,           0.0062875,           0.0062875,           0.0062875
                  77,            0.022499,            0.010116,                   0,             0.95957,             0.90625,             0.95125,             0.76728,            0.014681,           0.0029224,                   0,            0.006238,            0.006238,            0.006238
                  78,            0.021784,            0.010291,                   0,             0.96759,             0.93313,             0.94194,             0.81006,            0.012834,           0.0030061,                   0,           0.0061885,           0.0061885,           0.0061885
                  79,            0.019699,           0.0098851,                   0,             0.93422,              0.9375,             0.94781,             0.79935,            0.012409,           0.0031154,                   0,            0.006139,            0.006139,            0.006139
                  80,             0.02043,           0.0098844,                   0,             0.93287,              0.9375,              0.9636,             0.79555,            0.011308,           0.0031142,                   0,           0.0060895,           0.0060895,           0.0060895
                  81,            0.015853,           0.0087411,                   0,             0.93864,               0.875,              0.9505,             0.80289,            0.012407,           0.0028751,                   0,             0.00604,             0.00604,             0.00604
                  82,            0.020178,           0.0091114,                   0,             0.93602,             0.91452,              0.9467,             0.81036,            0.012669,           0.0031891,                   0,           0.0059905,           0.0059905,           0.0059905
                  83,            0.021182,           0.0099465,                   0,             0.90811,             0.92673,             0.94944,             0.74977,            0.014804,           0.0034515,                   0,            0.005941,            0.005941,            0.005941
                  84,            0.017375,           0.0090581,                   0,             0.96761,             0.93367,             0.96504,             0.76453,            0.012244,           0.0034393,                   0,           0.0058915,           0.0058915,           0.0058915
                  85,            0.020038,           0.0091329,                   0,              0.9348,             0.89625,             0.93631,              0.7949,            0.014181,           0.0034904,                   0,            0.005842,            0.005842,            0.005842
                  86,            0.019679,           0.0097404,                   0,             0.90528,              0.9375,             0.94939,             0.80655,            0.013482,            0.003435,                   0,           0.0057925,           0.0057925,           0.0057925
                  87,            0.015088,           0.0084741,                   0,             0.88548,              0.9666,             0.95851,             0.82114,            0.010257,           0.0031602,                   0,            0.005743,            0.005743,            0.005743
                  88,            0.017375,            0.008609,                   0,             0.90131,              0.9375,             0.95619,             0.84745,            0.010655,           0.0031056,                   0,           0.0056935,           0.0056935,           0.0056935
                  89,             0.01776,           0.0089405,                   0,             0.96745,             0.92916,             0.94786,             0.81952,            0.012586,           0.0033477,                   0,            0.005644,            0.005644,            0.005644
                  90,            0.016376,           0.0084222,                   0,              0.9371,             0.93124,             0.95796,             0.83523,            0.012107,            0.003141,                   0,           0.0055945,           0.0055945,           0.0055945
                  91,            0.020421,            0.008916,                   0,             0.88418,             0.95449,             0.95573,             0.84704,            0.014743,           0.0031351,                   0,            0.005545,            0.005545,            0.005545
                  92,             0.01587,           0.0085493,                   0,             0.96771,              0.9366,             0.96455,             0.79015,            0.012663,           0.0031487,                   0,           0.0054955,           0.0054955,           0.0054955
                  93,            0.020823,           0.0093206,                   0,             0.96769,             0.93611,             0.96147,             0.78747,             0.01362,           0.0031112,                   0,            0.005446,            0.005446,            0.005446
                  94,            0.017212,           0.0083188,                   0,             0.89981,             0.96875,             0.95996,             0.83378,            0.013086,           0.0027744,                   0,           0.0053965,           0.0053965,           0.0053965
                  95,            0.017764,           0.0088344,                   0,             0.95077,             0.96875,             0.98058,             0.78231,            0.012219,           0.0029701,                   0,            0.005347,            0.005347,            0.005347
                  96,            0.015222,           0.0080836,                   0,             0.96869,             0.96676,              0.9672,             0.84481,            0.012216,           0.0031645,                   0,           0.0052975,           0.0052975,           0.0052975
                  97,            0.020233,           0.0092252,                   0,             0.96167,             0.96875,             0.97386,             0.84098,            0.011884,           0.0030594,                   0,            0.005248,            0.005248,            0.005248
                  98,            0.017498,           0.0090162,                   0,             0.96478,             0.96875,             0.98868,             0.86845,            0.010372,            0.002748,                   0,           0.0051985,           0.0051985,           0.0051985
                  99,            0.017641,           0.0092911,                   0,                   1,             0.96095,             0.98786,             0.84803,             0.01042,           0.0027539,                   0,            0.005149,            0.005149,            0.005149
                 100,            0.014166,           0.0082485,                   0,             0.96338,              0.9375,             0.98424,             0.83876,            0.011347,            0.002927,                   0,           0.0050995,           0.0050995,           0.0050995
                 101,            0.015062,           0.0091582,                   0,             0.91171,             0.96814,             0.97546,             0.84209,           0.0094916,           0.0029995,                   0,             0.00505,             0.00505,             0.00505
                 102,            0.016528,           0.0082215,                   0,             0.93648,             0.92163,             0.97173,             0.84737,           0.0098431,           0.0031952,                   0,           0.0050005,           0.0050005,           0.0050005
                 103,            0.019713,           0.0088617,                   0,             0.89378,             0.90625,              0.9428,             0.79258,            0.010438,           0.0034344,                   0,            0.004951,            0.004951,            0.004951
                 104,            0.019138,           0.0081945,                   0,              0.9274,               0.875,             0.95203,             0.81304,            0.011036,           0.0032284,                   0,           0.0049015,           0.0049015,           0.0049015
                 105,             0.01808,           0.0087503,                   0,             0.93262,             0.86534,             0.95351,             0.83674,            0.013606,           0.0032188,                   0,            0.004852,            0.004852,            0.004852
                 106,            0.016524,            0.009437,                   0,             0.89466,              0.9375,             0.95691,             0.80766,            0.014311,           0.0032693,                   0,           0.0048025,           0.0048025,           0.0048025
                 107,            0.016975,           0.0083655,                   0,             0.94709,             0.90625,             0.96819,             0.80385,            0.013721,           0.0034476,                   0,            0.004753,            0.004753,            0.004753
                 108,            0.017419,           0.0078584,                   0,             0.96657,             0.90356,             0.97718,             0.81205,            0.014741,           0.0031708,                   0,           0.0047035,           0.0047035,           0.0047035
                 109,            0.014158,           0.0077082,                   0,                   1,             0.86449,             0.98182,             0.82863,            0.012404,           0.0030752,                   0,            0.004654,            0.004654,            0.004654
                 110,            0.016275,           0.0083635,                   0,             0.96539,             0.87175,             0.97016,             0.83938,            0.011491,           0.0030675,                   0,           0.0046045,           0.0046045,           0.0046045
                 111,            0.016991,           0.0090161,                   0,                0.93,             0.96875,             0.98046,             0.85174,           0.0096736,           0.0030437,                   0,            0.004555,            0.004555,            0.004555
                 112,            0.018038,            0.009177,                   0,             0.90525,              0.9375,             0.96839,             0.83942,           0.0098023,           0.0030185,                   0,           0.0045055,           0.0045055,           0.0045055
                 113,            0.014202,           0.0078211,                   0,             0.93512,             0.90089,             0.96282,             0.83401,            0.009837,             0.00296,                   0,            0.004456,            0.004456,            0.004456
                 114,            0.018095,           0.0088367,                   0,             0.93306,              0.8713,             0.95932,             0.84365,            0.008938,           0.0029426,                   0,           0.0044065,           0.0044065,           0.0044065
                 115,            0.019845,           0.0092606,                   0,             0.94437,             0.84375,             0.95807,             0.82294,            0.010077,           0.0029224,                   0,            0.004357,            0.004357,            0.004357
                 116,            0.014098,           0.0076689,                   0,             0.92756,               0.875,             0.95772,             0.81183,            0.011545,           0.0029435,                   0,           0.0043075,           0.0043075,           0.0043075
                 117,             0.01528,           0.0079471,                   0,             0.96107,             0.90625,              0.9697,             0.84149,            0.011903,           0.0028367,                   0,            0.004258,            0.004258,            0.004258
                 118,            0.014738,           0.0073576,                   0,             0.96766,             0.93525,              0.9658,             0.83431,            0.013275,           0.0029314,                   0,           0.0042085,           0.0042085,           0.0042085
                 119,             0.01406,           0.0082035,                   0,             0.93159,              0.9375,              0.9548,             0.83589,            0.012642,           0.0030107,                   0,            0.004159,            0.004159,            0.004159
                 120,            0.014997,           0.0077292,                   0,             0.90891,             0.93553,             0.95973,             0.80038,            0.012579,             0.00301,                   0,           0.0041095,           0.0041095,           0.0041095
                 121,            0.013511,           0.0072444,                   0,             0.88454,             0.95781,             0.95385,             0.82826,            0.011884,           0.0029509,                   0,             0.00406,             0.00406,             0.00406
                 122,            0.016702,           0.0078315,                   0,             0.88048,             0.96875,             0.97055,             0.85686,            0.011745,           0.0028529,                   0,           0.0040105,           0.0040105,           0.0040105
                 123,            0.017037,           0.0081302,                   0,             0.90451,             0.96875,             0.97418,             0.85935,            0.012017,           0.0028707,                   0,            0.003961,            0.003961,            0.003961
                 124,            0.014835,           0.0079045,                   0,             0.92854,              0.9375,             0.97522,             0.84958,            0.011538,           0.0029954,                   0,           0.0039115,           0.0039115,           0.0039115
                 125,             0.01436,           0.0071912,                   0,             0.96474,              0.9375,              0.9759,             0.85729,            0.011768,           0.0031816,                   0,            0.003862,            0.003862,            0.003862
                 126,            0.015742,           0.0080213,                   0,             0.96762,             0.93389,             0.97345,             0.83986,            0.011564,           0.0032203,                   0,           0.0038125,           0.0038125,           0.0038125
                 127,            0.015914,           0.0078246,                   0,             0.96737,             0.92679,             0.96317,             0.85433,            0.011851,           0.0032193,                   0,            0.003763,            0.003763,            0.003763
                 128,            0.016091,           0.0078861,                   0,             0.91043,             0.96875,              0.9795,             0.85501,            0.011696,           0.0030812,                   0,           0.0037135,           0.0037135,           0.0037135
                 129,              0.0188,           0.0076374,                   0,             0.92732,             0.96875,             0.97589,             0.84834,             0.01303,           0.0032422,                   0,            0.003664,            0.003664,            0.003664
                 130,            0.016414,           0.0080985,                   0,             0.96677,             0.96875,             0.98274,             0.86367,            0.014055,           0.0030612,                   0,           0.0036145,           0.0036145,           0.0036145
                 131,              0.0149,           0.0075201,                   0,             0.96065,             0.90625,             0.97281,             0.84483,            0.013854,           0.0029265,                   0,            0.003565,            0.003565,            0.003565
                 132,            0.014888,           0.0073098,                   0,             0.91094,              0.9591,             0.97737,             0.85179,            0.012116,            0.002978,                   0,           0.0035155,           0.0035155,           0.0035155
                 133,            0.016539,           0.0075712,                   0,             0.96493,              0.9375,              0.9807,             0.85436,            0.012147,           0.0030683,                   0,            0.003466,            0.003466,            0.003466
                 134,            0.016429,           0.0075894,                   0,             0.93111,             0.96875,             0.98393,             0.85486,            0.012385,           0.0030079,                   0,           0.0034165,           0.0034165,           0.0034165
                 135,            0.012773,           0.0074617,                   0,             0.96856,               0.963,             0.98279,             0.85305,             0.01337,           0.0031138,                   0,            0.003367,            0.003367,            0.003367
                 136,            0.016421,           0.0077127,                   0,             0.96419,             0.96875,             0.98274,             0.84775,            0.014148,           0.0028752,                   0,           0.0033175,           0.0033175,           0.0033175
                 137,            0.013921,           0.0080295,                   0,             0.96743,             0.92833,             0.96665,              0.8276,            0.015668,           0.0028344,                   0,            0.003268,            0.003268,            0.003268
                 138,            0.012826,           0.0069834,                   0,             0.95972,             0.96875,              0.9602,             0.83791,            0.015573,           0.0029971,                   0,           0.0032185,           0.0032185,           0.0032185
                 139,            0.014914,            0.007454,                   0,             0.96771,             0.93649,             0.97165,             0.84269,            0.012285,           0.0030941,                   0,            0.003169,            0.003169,            0.003169
                 140,            0.015559,           0.0068462,                   0,             0.96859,             0.96371,             0.98962,             0.85041,            0.012084,           0.0032012,                   0,           0.0031195,           0.0031195,           0.0031195
                 141,            0.014928,           0.0078831,                   0,             0.96675,             0.96875,             0.99055,             0.85175,            0.011141,           0.0032038,                   0,             0.00307,             0.00307,             0.00307
                 142,            0.014115,           0.0071016,                   0,             0.96807,             0.94772,             0.98464,             0.83746,            0.011561,            0.003097,                   0,           0.0030205,           0.0030205,           0.0030205
                 143,            0.013388,           0.0068824,                   0,             0.88015,             0.96875,             0.97294,             0.82085,            0.012099,           0.0031574,                   0,            0.002971,            0.002971,            0.002971
                 144,             0.01283,           0.0070528,                   0,             0.96642,             0.89966,             0.98179,             0.83691,            0.011203,           0.0031706,                   0,           0.0029215,           0.0029215,           0.0029215
                 145,            0.014228,           0.0072474,                   0,             0.90884,             0.96875,             0.98265,             0.84113,           0.0096464,             0.00307,                   0,            0.002872,            0.002872,            0.002872
                 146,            0.011458,           0.0069167,                   0,             0.93173,              0.9375,             0.97963,             0.84614,             0.00924,           0.0030189,                   0,           0.0028225,           0.0028225,           0.0028225
                 147,            0.014313,            0.007127,                   0,             0.93324,              0.9375,             0.97808,             0.83819,           0.0095615,            0.003075,                   0,            0.002773,            0.002773,            0.002773
                 148,            0.014737,           0.0073001,                   0,             0.92656,                   1,             0.98571,             0.87499,           0.0092689,           0.0027921,                   0,           0.0027235,           0.0027235,           0.0027235
                 149,            0.013739,           0.0073564,                   0,             0.96774,              0.9375,             0.98761,             0.85249,           0.0099601,           0.0028164,                   0,            0.002674,            0.002674,            0.002674
                 150,            0.013379,           0.0068941,                   0,             0.96657,             0.90373,             0.97926,             0.84747,            0.011093,           0.0029759,                   0,           0.0026245,           0.0026245,           0.0026245
                 151,            0.013174,            0.007163,                   0,              0.9666,             0.90453,              0.9793,             0.85645,            0.011335,           0.0030323,                   0,            0.002575,            0.002575,            0.002575
                 152,            0.014594,           0.0072147,                   0,              0.9355,             0.90653,             0.97626,             0.85114,            0.011148,           0.0031392,                   0,           0.0025255,           0.0025255,           0.0025255
                 153,            0.013897,           0.0072382,                   0,             0.95818,              0.9375,             0.96808,               0.852,            0.013359,           0.0031585,                   0,            0.002476,            0.002476,            0.002476
                 154,            0.012191,           0.0067619,                   0,             0.93619,              0.9375,             0.95689,             0.83333,             0.01602,            0.003274,                   0,           0.0024265,           0.0024265,           0.0024265
                 155,            0.011866,           0.0074382,                   0,             0.91055,              0.9545,             0.96069,             0.84096,            0.015579,           0.0030482,                   0,            0.002377,            0.002377,            0.002377
                 156,            0.012934,           0.0076191,                   0,             0.91168,             0.96875,             0.96424,             0.85402,             0.01544,           0.0029911,                   0,           0.0023275,           0.0023275,           0.0023275
                 157,            0.013023,           0.0077989,                   0,             0.93371,             0.96875,             0.96181,             0.83741,            0.012683,           0.0029858,                   0,            0.002278,            0.002278,            0.002278
                 158,            0.014522,           0.0080153,                   0,             0.96347,              0.9375,             0.98489,             0.86153,            0.011556,           0.0028829,                   0,           0.0022285,           0.0022285,           0.0022285
                 159,            0.014764,            0.006796,                   0,             0.96765,             0.93497,             0.96319,             0.83756,            0.013071,           0.0029295,                   0,            0.002179,            0.002179,            0.002179
                 160,            0.012656,           0.0069382,                   0,             0.93386,              0.9375,              0.9591,             0.83832,            0.012944,           0.0030488,                   0,           0.0021295,           0.0021295,           0.0021295
                 161,            0.013022,           0.0070074,                   0,             0.93693,              0.9375,             0.96274,             0.83472,            0.012593,           0.0031312,                   0,             0.00208,             0.00208,             0.00208
                 162,            0.012618,           0.0066241,                   0,             0.93564,              0.9375,              0.9714,             0.83846,            0.011783,           0.0030162,                   0,           0.0020305,           0.0020305,           0.0020305
                 163,            0.018011,           0.0072646,                   0,             0.95775,             0.96875,             0.98098,             0.84351,            0.011741,           0.0029262,                   0,            0.001981,            0.001981,            0.001981
                 164,            0.013574,           0.0066415,                   0,              0.9677,             0.93622,             0.98161,             0.84068,            0.012221,            0.002913,                   0,           0.0019315,           0.0019315,           0.0019315
                 165,            0.010984,           0.0069164,                   0,             0.96388,             0.96875,             0.98979,             0.85962,            0.010589,           0.0028258,                   0,            0.001882,            0.001882,            0.001882
                 166,            0.014501,           0.0068823,                   0,             0.93872,                   1,             0.99136,             0.86187,            0.010087,           0.0028326,                   0,           0.0018325,           0.0018325,           0.0018325
                 167,            0.013769,           0.0070328,                   0,             0.96432,             0.96875,             0.98358,             0.85652,            0.012344,           0.0029525,                   0,            0.001783,            0.001783,            0.001783
                 168,            0.013242,            0.007628,                   0,             0.96848,             0.96026,             0.98307,              0.8512,             0.01248,           0.0028965,                   0,           0.0017335,           0.0017335,           0.0017335
                 169,            0.013775,           0.0069032,                   0,             0.96956,             0.99547,             0.99045,              0.8615,           0.0099639,           0.0027241,                   0,            0.001684,            0.001684,            0.001684
                 170,            0.012005,           0.0067325,                   0,             0.96756,             0.96875,             0.98868,              0.8544,            0.010276,           0.0028444,                   0,           0.0016345,           0.0016345,           0.0016345
                 171,            0.015243,           0.0073692,                   0,             0.96769,              0.9359,             0.97948,              0.8393,            0.012639,           0.0030561,                   0,            0.001585,            0.001585,            0.001585
                 172,            0.011104,           0.0062871,                   0,             0.96621,              0.9375,             0.97974,              0.8413,            0.012737,           0.0031597,                   0,           0.0015355,           0.0015355,           0.0015355
                 173,            0.012707,           0.0066234,                   0,             0.93801,             0.96875,             0.97709,             0.83829,             0.01293,           0.0031394,                   0,            0.001486,            0.001486,            0.001486
                 174,            0.012627,           0.0074656,                   0,             0.96645,             0.96875,             0.97365,             0.84872,            0.013737,           0.0031384,                   0,           0.0014365,           0.0014365,           0.0014365
                 175,            0.011567,           0.0062777,                   0,             0.96762,             0.93394,             0.97503,             0.85652,            0.013087,           0.0030998,                   0,            0.001387,            0.001387,            0.001387
                 176,            0.012699,           0.0073695,                   0,             0.96772,              0.9369,             0.97475,             0.85178,            0.012247,           0.0030797,                   0,           0.0013375,           0.0013375,           0.0013375
                 177,            0.011003,           0.0064668,                   0,             0.93939,             0.96867,             0.96607,             0.85016,            0.013163,           0.0030193,                   0,            0.001288,            0.001288,            0.001288
                 178,            0.012861,            0.007033,                   0,             0.96505,              0.9375,             0.96639,             0.84867,            0.013276,           0.0029654,                   0,           0.0012385,           0.0012385,           0.0012385
                 179,            0.012127,           0.0064801,                   0,             0.96771,             0.96875,               0.968,             0.85298,            0.013398,           0.0029352,                   0,            0.001189,            0.001189,            0.001189
                 180,            0.010586,           0.0071015,                   0,               0.967,             0.96875,             0.96764,             0.85373,            0.014281,           0.0029389,                   0,           0.0011395,           0.0011395,           0.0011395
                 181,            0.012505,            0.007582,                   0,             0.95819,             0.96875,             0.96813,             0.85653,            0.015354,            0.003015,                   0,             0.00109,             0.00109,             0.00109
                 182,            0.010594,           0.0066855,                   0,             0.95086,             0.96875,             0.96764,             0.86147,            0.014777,           0.0030329,                   0,           0.0010405,           0.0010405,           0.0010405
                 183,            0.012279,           0.0062045,                   0,             0.95756,             0.96875,             0.96628,              0.8599,            0.014488,           0.0030202,                   0,            0.000991,            0.000991,            0.000991
                 184,            0.012204,           0.0066991,                   0,             0.93474,             0.96875,              0.9651,             0.85086,            0.014844,           0.0030126,                   0,           0.0009415,           0.0009415,           0.0009415
                 185,             0.01201,           0.0062705,                   0,             0.96759,             0.93295,             0.96521,             0.84724,            0.014905,            0.003052,                   0,            0.000892,            0.000892,            0.000892
                 186,            0.011014,           0.0066039,                   0,             0.96761,             0.93366,             0.96697,             0.84571,            0.014914,           0.0030834,                   0,           0.0008425,           0.0008425,           0.0008425
                 187,            0.012142,           0.0065368,                   0,             0.96762,             0.93388,             0.96635,             0.84867,            0.014426,           0.0031213,                   0,            0.000793,            0.000793,            0.000793
                 188,            0.011585,           0.0065773,                   0,                0.96,              0.9375,              0.9665,             0.84584,            0.014437,           0.0031755,                   0,           0.0007435,           0.0007435,           0.0007435
                 189,            0.010434,           0.0062044,                   0,             0.93045,             0.96875,             0.96414,             0.84232,            0.014409,           0.0032475,                   0,            0.000694,            0.000694,            0.000694
                 190,            0.011279,           0.0065235,                   0,             0.93188,             0.96875,             0.96427,             0.83141,            0.014576,           0.0032784,                   0,           0.0006445,           0.0006445,           0.0006445
                 191,            0.010198,           0.0064627,                   0,               0.931,              0.9375,             0.96112,             0.83844,            0.014388,           0.0032553,                   0,            0.000595,            0.000595,            0.000595
                 192,             0.01142,           0.0067849,                   0,             0.93188,              0.9375,             0.96041,             0.83572,             0.01418,           0.0032506,                   0,           0.0005455,           0.0005455,           0.0005455
                 193,           0.0088121,           0.0061171,                   0,             0.93882,             0.96875,             0.96338,             0.83554,            0.013617,           0.0032425,                   0,            0.000496,            0.000496,            0.000496
                 194,            0.010751,           0.0059538,                   0,             0.93511,             0.96875,             0.96338,             0.83257,            0.012988,           0.0032017,                   0,           0.0004465,           0.0004465,           0.0004465
                 195,            0.010636,           0.0067161,                   0,             0.93033,             0.96875,             0.96459,             0.83145,            0.013289,           0.0032319,                   0,            0.000397,            0.000397,            0.000397
                 196,            0.009869,           0.0062384,                   0,             0.93206,             0.96875,             0.96374,             0.83513,            0.013673,           0.0032075,                   0,           0.0003475,           0.0003475,           0.0003475
                 197,            0.010855,           0.0069769,                   0,             0.93398,             0.96875,             0.96353,             0.83131,            0.013929,            0.003175,                   0,            0.000298,            0.000298,            0.000298
                 198,            0.009409,           0.0063229,                   0,             0.93834,             0.95138,             0.96447,             0.84239,            0.013819,           0.0031986,                   0,           0.0002485,           0.0002485,           0.0002485
                 199,           0.0097439,           0.0059027,                   0,             0.95538,             0.96875,             0.96527,             0.84366,            0.013739,           0.0032122,                   0,            0.000199,            0.000199,            0.000199
